{
    "key": "shopify/product/automatically_publish",
    "name": "Automatically Publish Shopify Products with Image and Description",
    "version": "1.0.0",
    "enabled": false,
    "setup": true,
    "config": {
        "inputs": [
            {
                "schema": 3,
                "trigger_type": "input",
                "type": "shopify",
                "entity": "product",
                "action": "created",
                "name": "Product Created",
                "key": "shopify",
                "operation_id": "products_create",
                "metadata": {
                    "frequency": "every",
                    "includeFields": []
                },
                "local_fields": [],
                "selected_fields": [],
                "on_error": "default",
                "weight": 0
            }
        ],
        "outputs": [
            {
                "schema": 3.1,
                "trigger_type": "output",
                "type": "shopify",
                "entity": "product_image",
                "action": "list",
                "name": "Get List of Product Image",
                "key": "shopify_1",
                "operation_id": "get_products_product_id_images",
                "metadata": {
                    "api_endpoint": "get admin\/products\/{{product_id}}\/images.json",
                    "product_id": "{{shopify.id}}"
                },
                "local_fields": [],
                "selected_fields": [],
                "on_error": "default",
                "weight": 0
            },
            {
                "schema": 5.1,
                "trigger_type": "output",
                "type": "loop",
                "entity": "count",
                "name": "Number of matches: Check for featured image",
                "version": "v3",
                "key": "loop",
                "operation_id": "loop_count",
                "metadata": {
                    "key": "{{shopify_1}}",
                    "filter": {
                        "a": "{{shopify_1[].position}}",
                        "comparison": "equals",
                        "b": "1",
                        "additional": [
                            {
                                "operator": "and",
                                "comparison": "equals"
                            }
                        ]
                    }
                },
                "local_fields": [],
                "selected_fields": [],
                "on_error": "default",
                "weight": 1
            },
            {
                "schema": 4.1,
                "trigger_type": "output",
                "type": "filter",
                "name": "Filter",
                "key": "filter",
                "operation_id": "filter",
                "metadata": {
                    "a": "{{loop.count}}",
                    "comparison": "greater than equal",
                    "b": "1",
                    "additional": [
                        {
                            "operator": "and",
                            "a": "{{shopify.body_html}}",
                            "comparison": "is not empty"
                        }
                    ]
                },
                "local_fields": [],
                "selected_fields": [
                    "additional[].operator",
                    "additional[].a",
                    "additional[].comparison",
                    "additional[].b"
                ],
                "on_error": "default",
                "weight": 2
            },
            {
                "schema": 3.1,
                "trigger_type": "output",
                "type": "shopify",
                "entity": "product",
                "action": "update",
                "name": "Update Product",
                "key": "shopify_2",
                "operation_id": "put_products_product_id",
                "metadata": {
                    "api_endpoint": "put admin\/products\/{{product_id}}.json",
                    "product_id": "{{shopify.id}}",
                    "body": {
                        "status": "active"
                    }
                },
                "local_fields": [],
                "selected_fields": [
                    "body.status"
                ],
                "on_error": "default",
                "weight": 3
            },
            {
                "schema": 3.1,
                "trigger_type": "output",
                "type": "shopify",
                "entity": "publishable",
                "action": "publish",
                "name": "Publish Product or Collection",
                "key": "shopify_3",
                "operation_id": "post_graphql_publishable_id_publish",
                "metadata": {
                    "api_endpoint": "post graphql\/publishable\/id.json",
                    "body": {
                        "id": "{{shopify.id}}",
                        "shopify_entity_id": "product",
                        "input": [
                            {
                                "publicationId": "{{ template | label: 'What sales channel would you like to publish the product on?', placeholder: '', description: '', tokens: false }}"
                            }
                        ]
                    }
                },
                "local_fields": [],
                "selected_fields": [],
                "on_error": "default",
                "weight": 4
            }
        ]
    }
}